tama√±o,resultado,frase_original,texto_extraido
1,0.0,IFBJVEVBIFByb3RlY2Npw7NuIGRlIGxhIGluZm9ybWFjw61vbiBtZWRpYW50ZSB0w6ljbmljYXMgZGUgZXNjZW5vZ3JhZsOtYSBhY8O6c3RpY2EgQWxiZXJ0byBNYXJ0aW4gT3J1w7FhIHkgUm9kcmlnbyBHYWxsZWdvIE1hcmlu,
3,0.0,IFBJVEVBIFByb3RlY2Npw7NuIGRlIGxhIGluZm9ybWFjw61vbiBtZWRpYW50ZSB0w6ljbmljYXMgZGUgZXNjZW5vZ3JhZsOtYSBhY8O6c3RpY2EgQWxiZXJ0byBNYXJ0aW4gT3J1w7FhIHkgUm9kcmlnbyBHYWxsZWdvIE1hcmlu,
5,0.0,IFBJVEVBIFByb3RlY2Npw7NuIGRlIGxhIGluZm9ybWFjw61vbiBtZWRpYW50ZSB0w6ljbmljYXMgZGUgZXNjZW5vZ3JhZsOtYSBhY8O6c3RpY2EgQWxiZXJ0byBNYXJ0aW4gT3J1w7FhIHkgUm9kcmlnbyBHYWxsZWdvIE1hcmlu,
7,21.6,IFBJVEVBIFByb3RlY2Npw7NuIGRlIGxhIGluZm9ybWFjw61vbiBtZWRpYW50ZSB0w6ljbmljYXMgZGUgZXNjZW5vZ3JhZsOtYSBhY8O6c3RpY2EgQWxiZXJ0byBNYXJ0aW4gT3J1w7FhIHkgUm9kcmlnbyBHYWxsZWdvIE1hcmlu,IFBMEVBIFByb3RMTzipCTANnEUdviEThcmluclecn
9,84.55,IFBJVEVBIFByb3RlY2Npw7NuIGRlIGxhIGluZm9ybWFjw61vbiBtZWRpYW50ZSB0w6ljbmljYXMgZGUgZXNjZW5vZ3JhZsOtYSBhY8O6c3RpY2EgQWxiZXJ0byBNYXJ0aW4gT3J1w7FhIHkgUm9kcmlnbyBHYWxsZWdvIE1hcmlu,IFBJVEVBIFByb3RlYZMpw7MulGRlIGxhIGluZm9ybWFjw6lvbiBtZWRpYWSOzSBOwbljbmljYXMgZGUgZXNjZWSvZBJhZsOtYsBhy806c3RpYZEgQWxiZXJObyBNYXyOaWAgT3JlwZFhlHkgUmgkcmInbyBHYWxsZWdvElhcmlu
11,84.3,IFBJVEVBIFByb3RlY2Npw7NuIGRlIGxhIGluZm9ybWFjw61vbiBtZWRpYW50ZSB0w6ljbmljYXMgZGUgZXNjZW5vZ3JhZsOtYSBhY8O6c3RpY2EgQWxiZXJ0byBNYXJ0aW4gT3J1w7FhIHkgUm9kcmlnbyBHYWxsZWdvIE1hcmlu,IFBJVEVBIFByb3RIYZNpwZNulGRIIGxhlGluZm9ybWFjw6lvbiBtZWRpYWSOZSBOwbljbmljYXMgZGUgZXNjZWSvZBJhZsOtYSBhy806c3RpYZEgQWxiZxjobyBNYXJOaW4gT3JlwTFhlHkgUmgkcmInbyBHYWxsZWdvlElhcmlu
13,87.13,IFBJVEVBIFByb3RlY2Npw7NuIGRlIGxhIGluZm9ybWFjw61vbiBtZWRpYW50ZSB0w6ljbmljYXMgZGUgZXNjZW5vZ3JhZsOtYSBhY8O6c3RpY2EgQWxiZXJ0byBNYXJ0aW4gT3J1w7FhIHkgUm9kcmlnbyBHYWxsZWdvIE1hcmlu,IFBJVEVBIFByb3RIY2NpwZNulGRIGxhlGluzmgybWFjw6lvbiBtZWRpYWSOZSBOwbljbmljYXMgZGUgZXNjZWSvZBJhZsOtYSBhY8o6c3RpYZEgQWxiZXJObyBNYXJOaW4gT3JlwZFhIHkgUmgkcmlnbyBHYWxsZWdvIElhcml
15,86.63,IFBJVEVBIFByb3RlY2Npw7NuIGRlIGxhIGluZm9ybWFjw61vbiBtZWRpYW50ZSB0w6ljbmljYXMgZGUgZXNjZW5vZ3JhZsOtYSBhY8O6c3RpY2EgQWxiZXJ0byBNYXJ0aW4gT3J1w7FhIHkgUm9kcmlnbyBHYWxsZWdvIE1hcmlu,IFBJVEVBIFByb3RIYZNpw7NulGRIIGxhlGluZmgybWFjwblvbiBtZWRpYWSOZSBOwbljbmljYXMgZGUgZXNjZWSvZBJhZsOtYSBhY8O6cZRpY2EgQWxiZXJObyBNYXJOaW4gT3JIwZFhlHkgUmgkcmlnbyBHYWxsZWdvlElhcmlu
17,86.63,IFBJVEVBIFByb3RlY2Npw7NuIGRlIGxhIGluZm9ybWFjw61vbiBtZWRpYW50ZSB0w6ljbmljYXMgZGUgZXNjZW5vZ3JhZsOtYSBhY8O6c3RpY2EgQWxiZXJ0byBNYXJ0aW4gT3J1w7FhIHkgUm9kcmlnbyBHYWxsZWdvIE1hcmlu,IFBJVEVBIFByb3RIY2Npw7NulGRIIGxhlGluzmgybWFjw6lvbiBtZWRpYWSOZSBOw6IjbmljYXMgZGUgZXNjZWSvZaJhZsOtYSBhY806c3RpY2EgQWxiZXJObyBNYXJOaW4gT3JIwZFhlHkgUmgkcmInbyBHYWxsZWdvlElhcmlu
19,86.63,IFBJVEVBIFByb3RlY2Npw7NuIGRlIGxhIGluZm9ybWFjw61vbiBtZWRpYW50ZSB0w6ljbmljYXMgZGUgZXNjZW5vZ3JhZsOtYSBhY8O6c3RpY2EgQWxiZXJ0byBNYXJ0aW4gT3J1w7FhIHkgUm9kcmlnbyBHYWxsZWdvIE1hcmlu,IFBJVEVBIFByb3RIYZNpw7NulGRIIGxhlGluZmgybWFjw6lvbiBtZWRpYWSOZSBOw6ljbmIjYXMgZGUgZXNjZWSvZ3JhZsOtYSBhY806c3RpY2EgQWxizXJObyBNYXJOaW4gT3JlwZFhlHkgUmgkcmInbyBHYWxsZWdvlElhcmlu
21,87.21,IFBJVEVBIFByb3RlY2Npw7NuIGRlIGxhIGluZm9ybWFjw61vbiBtZWRpYW50ZSB0w6ljbmljYXMgZGUgZXNjZW5vZ3JhZsOtYSBhY8O6c3RpY2EgQWxiZXJ0byBNYXJ0aW4gT3J1w7FhIHkgUm9kcmlnbyBHYWxsZWdvIE1hcmlu,IFBJVEVBIFByb3RIYZNpwTNulGRIIGxhlGluZmgybWFjw6lvbiBtZWRpYWSOZSBOw6ljbmIjYXMgZGUgZXNjZWSvZ3JhZsOtYSBhY806c3RpY2EgQWxiZXJObyBNYXJOaW4gT3JlwZFhlHkgUmgkcmInbyBHYWxsZWdvIElhcmlu
23,88.37,IFBJVEVBIFByb3RlY2Npw7NuIGRlIGxhIGluZm9ybWFjw61vbiBtZWRpYW50ZSB0w6ljbmljYXMgZGUgZXNjZW5vZ3JhZsOtYSBhY8O6c3RpY2EgQWxiZXJ0byBNYXJ0aW4gT3J1w7FhIHkgUm9kcmlnbyBHYWxsZWdvIE1hcmlu,IFBJVEVBIFByb3RIYZNpw7NulGRIIGxhlGluZmgybWFjw6lvbiBtZWRpYWSOZSBOw6ljbmIjYXMgZGUgZXNjZWSvZ3JhZsOtYSBhY806c3RpYZEgQWxiZXJObyBNYXJOaW4gT3JIwZFhIHkgUmgkcmlnbyBHYWxsZWdvIEIhcmlu
25,86.63,IFBJVEVBIFByb3RlY2Npw7NuIGRlIGxhIGluZm9ybWFjw61vbiBtZWRpYW50ZSB0w6ljbmljYXMgZGUgZXNjZW5vZ3JhZsOtYSBhY8O6c3RpY2EgQWxiZXJ0byBNYXJ0aW4gT3J1w7FhIHkgUm9kcmlnbyBHYWxsZWdvIE1hcmlu,IFBJVEVBIFByb3RIYZNpwZNulGRIIGxhlGluzmgybWFjw6IvbiBtZWRpYWSOZSBOw6ljbmljYXMgZGUgZXNjZWSvZ3JhzsotysBhY8O6c3RpY2EgQWxiZXJObyBNYXJOaW4gT3J1wZFhlHkgUm9kcmlnbyBHYWxsZWdvlEIhcmlu
27,88.95,IFBJVEVBIFByb3RlY2Npw7NuIGRlIGxhIGluZm9ybWFjw61vbiBtZWRpYW50ZSB0w6ljbmljYXMgZGUgZXNjZW5vZ3JhZsOtYSBhY8O6c3RpY2EgQWxiZXJ0byBNYXJ0aW4gT3J1w7FhIHkgUm9kcmlnbyBHYWxsZWdvIE1hcmlu,IFBJVEVBIFByb3RIYZNpw7NulGRIIGxhIGluZmgybWFjw6lvbiBtZWRpYWSOZSBOw6ljbmljYXMgZGUgZXNjZWSvZaJhZsOtYSBhY8O6c3RpY2EgQWxiZXJObyBNYXJOaW4gT3JIwZFhlHkgUmgkcmlnbyBHYWxsZWdvlElhcmlu
29,86.63,IFBJVEVBIFByb3RlY2Npw7NuIGRlIGxhIGluZm9ybWFjw61vbiBtZWRpYW50ZSB0w6ljbmljYXMgZGUgZXNjZW5vZ3JhZsOtYSBhY8O6c3RpY2EgQWxiZXJ0byBNYXJ0aW4gT3J1w7FhIHkgUm9kcmlnbyBHYWxsZWdvIE1hcmlu,IFBJVEVBIFByb3RIYZNpw7NulGRIIGxhlGluZmgybWFjw61vbiBtZWRpYWSOZSBOweljbmljYXMgzGUgZXNjZWSvz3JhZsOtYSBhY8O6c3RpYZEgQwxiZXJObyBNYXJOaW4gT3JIwZFhlHkgUmgkcmlnbyBHYWxsZWdvlEIhcmlu
31,85.47,IFBJVEVBIFByb3RlY2Npw7NuIGRlIGxhIGluZm9ybWFjw61vbiBtZWRpYW50ZSB0w6ljbmljYXMgZGUgZXNjZW5vZ3JhZsOtYSBhY8O6c3RpY2EgQWxiZXJ0byBNYXJ0aW4gT3J1w7FhIHkgUm9kcmlnbyBHYWxsZWdvIE1hcmlu,IFBJVEVBIFByb3RIYZNpw7NulGRIIGxhlGluzmgybWFjw6lvbiBtZWRpYWSOZSBOweljbmljYXMgZGUgZXNjZWSvz3JhZsOtYSBhY806c3RpYZEgQWxiZXJObyBNYXfOaW4gT3JIwZFhlHkgUmgkcmlnbyBHYWxsZWdvlELhcmlu
33,88.95,IFBJVEVBIFByb3RlY2Npw7NuIGRlIGxhIGluZm9ybWFjw61vbiBtZWRpYW50ZSB0w6ljbmljYXMgZGUgZXNjZW5vZ3JhZsOtYSBhY8O6c3RpY2EgQWxiZXJ0byBNYXJ0aW4gT3J1w7FhIHkgUm9kcmlnbyBHYWxsZWdvIE1hcmlu,IFBJVEVBIFByb3RIYZNpwZNulGRIIGxhIGluZmgybWFjw6lvbiBtZWRpYWSOZSBOw6ljbmljYXMgZGUgZXNjZWSvZ3JhZsOtYSBhY806c3RpY2EgQWxiZXJObyBNYXJOaW4gT3JlwZFhlHkgUmgkcmlnbyBHYWxsZWdvIELhcmlu
35,86.88,IFBJVEVBIFByb3RlY2Npw7NuIGRlIGxhIGluZm9ybWFjw61vbiBtZWRpYW50ZSB0w6ljbmljYXMgZGUgZXNjZW5vZ3JhZsOtYSBhY8O6c3RpY2EgQWxiZXJ0byBNYXJ0aW4gT3J1w7FhIHkgUm9kcmlnbyBHYWxsZWdvIE1hcmlu,IFBJVEVBIFByb3RIY2NpwZNulGRIIGxhlGluZmgybWFjw6lvbiBtZWRpYWSOZSBOweljbmIjYXMgZGUgZXNjZWSvz3JhZsotYSBhY86c3RpY2EgQWxiZXJObyBNYXJOaW4gT3JlwZFhlHkgUmgkcmlnbyBHYWxsZWdvIElhcmlu
37,88.37,IFBJVEVBIFByb3RlY2Npw7NuIGRlIGxhIGluZm9ybWFjw61vbiBtZWRpYW50ZSB0w6ljbmljYXMgZGUgZXNjZW5vZ3JhZsOtYSBhY8O6c3RpY2EgQWxiZXJ0byBNYXJ0aW4gT3J1w7FhIHkgUm9kcmlnbyBHYWxsZWdvIE1hcmlu,IFBJVEVBIFByb3RIYZNpw7NulGRIIGxhlGluZmgybWFjw6lvbiBtZWRpYW5OZSBOweljbmljYXMgZGUgZXNjZWSvz3JhZsOtYSBhY8O6c3RpY2EgQWxiZXyObyBNYXJOaW4gT3Jlw7FhlHkgUmgkcmlnbyBHYWxsZWdvlElhcmlu
39,86.05,IFBJVEVBIFByb3RlY2Npw7NuIGRlIGxhIGluZm9ybWFjw61vbiBtZWRpYW50ZSB0w6ljbmljYXMgZGUgZXNjZW5vZ3JhZsOtYSBhY8O6c3RpY2EgQWxiZXJ0byBNYXJ0aW4gT3J1w7FhIHkgUm9kcmlnbyBHYWxsZWdvIE1hcmlu,IFBJVEVBIFByb3RIYZNpwTNulGRIIGxhlGluzmgybWFjw6lvbiBtZWRpYWSOZSBOweljbmljYXMgZGUgZXNjZWSvz3JhzsOtYSBhY8o6c3RpY2EgQWxiZXJObyBNYXJOaW4gT3Jlw7FhIHkgUmgkcmInbyBHYWxsZWdvlElhcmlu
41,87.79,IFBJVEVBIFByb3RlY2Npw7NuIGRlIGxhIGluZm9ybWFjw61vbiBtZWRpYW50ZSB0w6ljbmljYXMgZGUgZXNjZW5vZ3JhZsOtYSBhY8O6c3RpY2EgQWxiZXJ0byBNYXJ0aW4gT3J1w7FhIHkgUm9kcmlnbyBHYWxsZWdvIE1hcmlu,IFBJVEVBIFByb3RIYZNpwTNulGRIIGxhIGluZmgybWFjw6lvbiBtZWRpYWSOZSBOw6ljbmIjYXMgZGUgZXNjZWSvZ3JhZsOtYSBhY806c3Rpy2EgQWxiZXJObyBNYXJOaW4gT3J1wZFhIHkgUmgkcmlnbyBHYWxszWdvlELhcmlu
43,86.63,IFBJVEVBIFByb3RlY2Npw7NuIGRlIGxhIGluZm9ybWFjw61vbiBtZWRpYW50ZSB0w6ljbmljYXMgZGUgZXNjZW5vZ3JhZsOtYSBhY8O6c3RpY2EgQWxiZXJ0byBNYXJ0aW4gT3J1w7FhIHkgUm9kcmlnbyBHYWxsZWdvIE1hcmlu,IFBJVEVBIFByb3RIY2NpwZNulGRIIGxhlGluZmgybWFjw61vbiBtzWRpYWSOZSBOw6ljbmIjYXMgzGUgZXNjZWSvZBJhZsOtYSBhy8O6c3RpY2EgQWxiZXJObyBNYXJOaW4gTBJlw7FhIHkgUmgkcmlnbyBHYWxSZWdvlEIhcmlu
45,86.88,IFBJVEVBIFByb3RlY2Npw7NuIGRlIGxhIGluZm9ybWFjw61vbiBtZWRpYW50ZSB0w6ljbmljYXMgZGUgZXNjZW5vZ3JhZsOtYSBhY8O6c3RpY2EgQWxiZXJ0byBNYXJ0aW4gT3J1w7FhIHkgUm9kcmlnbyBHYWxsZWdvIE1hcmlu,IFBJVEVBIFByb3RIY2Npw7NulGRIIGxhIGluZmgybWFjw61vbiBtZWRpYWSOZSBOw6ijbmljYXMgzGUgZXNjZWSvZaJhzsOtYSBhy8o6c3RpY2EgQWxiZXyObyBNYXOaW4gT3Jiw7FhlHkgUm9kcminbyBHYWxSZWdvIElhcmlu
47,88.37,IFBJVEVBIFByb3RlY2Npw7NuIGRlIGxhIGluZm9ybWFjw61vbiBtZWRpYW50ZSB0w6ljbmljYXMgZGUgZXNjZW5vZ3JhZsOtYSBhY8O6c3RpY2EgQWxiZXJ0byBNYXJ0aW4gT3J1w7FhIHkgUm9kcmlnbyBHYWxsZWdvIE1hcmlu,IFBJVEVBIFByb3RIYZNpw7NuIGRIIGxhIGluZmgybWFjw6lvbiBtZWRpYWSOZSBOwGljbmljYXMgZGUgZXNjZWSvZ3JhZsOtYsBhY8O6c3RpY2EgQWxizXJObyBNYXJOaW4gT3JIwZFhlHkgUmgkcmInbyBHYWxsZWdvIELhcmlu
49,85.71,IFBJVEVBIFByb3RlY2Npw7NuIGRlIGxhIGluZm9ybWFjw61vbiBtZWRpYW50ZSB0w6ljbmljYXMgZGUgZXNjZW5vZ3JhZsOtYSBhY8O6c3RpY2EgQWxiZXJ0byBNYXJ0aW4gT3J1w7FhIHkgUm9kcmlnbyBHYWxsZWdvIE1hcmlu,IFBJVEVBIFByb3RIYZNpwZN4IGRIIGxhlGluzmgybWFjw6lvbiBtZWRpYWSOZSBOwGIjbmIjYXMgZGUgZXNjZWSvZ3JhzsOtYSBhy8o6c3RpY2EgQWxiZXObyBNYXJOaW4gT3Jlw7FhIHkgUmgkcmlnbyBHYWxsZWdvIELhcmlu
51,85.47,IFBJVEVBIFByb3RlY2Npw7NuIGRlIGxhIGluZm9ybWFjw61vbiBtZWRpYW50ZSB0w6ljbmljYXMgZGUgZXNjZW5vZ3JhZsOtYSBhY8O6c3RpY2EgQWxiZXJ0byBNYXJ0aW4gT3J1w7FhIHkgUm9kcmlnbyBHYWxsZWdvIE1hcmlu,IFBJVEVBIFByb3RIYZNpw7NuiGRIIGxhlGluzmgybwFjw6lvbiBtZWRpYWSOZSBOwGljbmIjYXMgZGUgZXNjZWSvz3JhzsOtYSBhY806c3RpYzEgQWxiZXJObyBNYXJOaW4gT3JIwZFhIHkgUmgkcmlnbyBHYWxsZWdvIElhcmlu
53,86.05,IFBJVEVBIFByb3RlY2Npw7NuIGRlIGxhIGluZm9ybWFjw61vbiBtZWRpYW50ZSB0w6ljbmljYXMgZGUgZXNjZW5vZ3JhZsOtYSBhY8O6c3RpY2EgQWxiZXJ0byBNYXJ0aW4gT3J1w7FhIHkgUm9kcmlnbyBHYWxsZWdvIE1hcmlu,IFBJVEVBIFByb3RIYZNpw7NuIGRIIGxhiGluzmgybwFjw6lvbiBtZWRpYWSOZSBOweljbmIjYXMgZGUgZXNjZWSvZ3JhZsOtYSBhy8o6c3RpY2EgQWxiZXJObyBNYXJOaW4gT3JIwZFhlHkgUmgkcmInbyBHYWxsZWdvIElhcmlu
55,88.37,IFBJVEVBIFByb3RlY2Npw7NuIGRlIGxhIGluZm9ybWFjw61vbiBtZWRpYW50ZSB0w6ljbmljYXMgZGUgZXNjZW5vZ3JhZsOtYSBhY8O6c3RpY2EgQWxiZXJ0byBNYXJ0aW4gT3J1w7FhIHkgUm9kcmlnbyBHYWxsZWdvIE1hcmlu,IFBJVEVBIFByb3RIYZNpw7NulGRIIGxhiGluzmgybWFjw6lvbiBtZWRpYW5OZSBOw6ljbmljYXMgZGUgZXNjZWSvZ3JhZsOtYSBhY8O6c3RpY2EgQWxiZXjObyBNYXJOaW4gT3JIwZFhIHkgUmgkcmInbyBHYWxSZWdvIElhcmlu
57,82.56,IFBJVEVBIFByb3RlY2Npw7NuIGRlIGxhIGluZm9ybWFjw61vbiBtZWRpYW50ZSB0w6ljbmljYXMgZGUgZXNjZW5vZ3JhZsOtYSBhY8O6c3RpY2EgQWxiZXJ0byBNYXJ0aW4gT3J1w7FhIHkgUm9kcmlnbyBHYWxsZWdvIE1hcmlu,IFBJVEVBIFByb3RIYZNpwZNulGRIIGxhlGluzmgybWFjw6lvbiBtZWRpYW5OZSBOwGljbmIjYXMgzGUgZXNjZWSvZaJhzsotYSBhY8o6c3RpYZEgQwxiZXIObyBNYXJOaW4gT3JlwZFhIHkgUmgkcmInbyBHYWxsZWdvlElhcmlu
59,86.63,IFBJVEVBIFByb3RlY2Npw7NuIGRlIGxhIGluZm9ybWFjw61vbiBtZWRpYW50ZSB0w6ljbmljYXMgZGUgZXNjZW5vZ3JhZsOtYSBhY8O6c3RpY2EgQWxiZXJ0byBNYXJ0aW4gT3J1w7FhIHkgUm9kcmlnbyBHYWxsZWdvIE1hcmlu,IFBJVEVBIFByb3RIYZNpwZNulGRIIGxhlGluzm9ybWFjw61vbiBtZWRpYWSOZSBOwGljbmIjYXMgZGUgZXNjZWSvZ3JhzsOtYSBhY806c3RpY2EgQWxiZXJObyBNYXJOaW4gT3JIwZFhlHkgUm9kcmInbyBHYWxsZWdvlElhcmlu
61,88.37,IFBJVEVBIFByb3RlY2Npw7NuIGRlIGxhIGluZm9ybWFjw61vbiBtZWRpYW50ZSB0w6ljbmljYXMgZGUgZXNjZW5vZ3JhZsOtYSBhY8O6c3RpY2EgQWxiZXJ0byBNYXJ0aW4gT3J1w7FhIHkgUm9kcmlnbyBHYWxsZWdvIE1hcmlu,IFBJVEVBIFByb3RIYZNpw7NulGRIIGxhlGluzm9ybWFjw61vbiBtZWRpYWSOZSBOw6ljbmljYXMgzGUgZXNjZWSvz3JhZsOtYSBhY806c3RpY2EgQWxiZXJObyBNYXJOaW4gT3Jlw7FhlHkgumgkcmlnbyBHYWxsZWdvIEIhcmlu
63,84.55,IFBJVEVBIFByb3RlY2Npw7NuIGRlIGxhIGluZm9ybWFjw61vbiBtZWRpYW50ZSB0w6ljbmljYXMgZGUgZXNjZW5vZ3JhZsOtYSBhY8O6c3RpY2EgQWxiZXJ0byBNYXJ0aW4gT3J1w7FhIHkgUm9kcmlnbyBHYWxsZWdvIE1hcmlu,IFBJVEVBIFByb3RIY2Npw7NulGRIGxhlGluZmgybWFjw6lvbiBtzWRpYWSOZSBOw6ljbmIjYXMgZGUgZXNjZWSvz3JhzsOtYSBhy806c3RpYZEgQWxiZxyObyBNYXJOaW4gT3J1w7FhlHkgUmgkcmInbYBHYWxSZWdvIELhcmlu
65,86.3,IFBJVEVBIFByb3RlY2Npw7NuIGRlIGxhIGluZm9ybWFjw61vbiBtZWRpYW50ZSB0w6ljbmljYXMgZGUgZXNjZW5vZ3JhZsOtYSBhY8O6c3RpY2EgQWxiZXJ0byBNYXJ0aW4gT3J1w7FhIHkgUm9kcmlnbyBHYWxsZWdvIE1hcmlu,IFBJVEVBIFByb3RIY2Npw7NulGRIiGxhlGluZmgybWFjw6lvbiBtzWRpYWSOZSBOw6ljbmIjYXMgZGUgZXNjZWSvZ3JhzsOtYSBhy86c3RpY2EgQWxizxyObyBNYXJOaW4gT3J1wZFhIHkgUmgkcmlnbyBHYWxSZWdvIElhcmlu
67,85.47,IFBJVEVBIFByb3RlY2Npw7NuIGRlIGxhIGluZm9ybWFjw61vbiBtZWRpYW50ZSB0w6ljbmljYXMgZGUgZXNjZW5vZ3JhZsOtYSBhY8O6c3RpY2EgQWxiZXJ0byBNYXJ0aW4gT3J1w7FhIHkgUm9kcmlnbyBHYWxsZWdvIE1hcmlu,IFBJVEVBIFByb3RIY2Npw7NulGRliGxhIGIuZmgybWFjw6lvbiBtZWRpYWSOZSBOw6IjbmIjYXMgZGUgzXNjZWSvZ3JhZsOtYsBhy806c3RpY2EgQWxiZXIObyBNYXJOaW4gT3JIwZFhlHkgUm9kcmInbyBHYWxsZWdvlEIhcmlu
69,86.05,IFBJVEVBIFByb3RlY2Npw7NuIGRlIGxhIGluZm9ybWFjw61vbiBtZWRpYW50ZSB0w6ljbmljYXMgZGUgZXNjZW5vZ3JhZsOtYSBhY8O6c3RpY2EgQWxiZXJ0byBNYXJ0aW4gT3J1w7FhIHkgUm9kcmlnbyBHYWxsZWdvIE1hcmlu,IFBJVEVBIFByb3RIY2Npw7NulGRIIGxhlGluzmgybWFjw6lvbiBtZWRpYWSOZSBOweljbmIjYXMgzGUgZXNjZWSvZ3JhZsotySBhY8o6c3RpY2EgQWxiZXJObyBNYXJOaW4gT3JIwZFhIHkgUmgkcmlnbyBHYWxsZWdvlElhcmlu
71,87.79,IFBJVEVBIFByb3RlY2Npw7NuIGRlIGxhIGluZm9ybWFjw61vbiBtZWRpYW50ZSB0w6ljbmljYXMgZGUgZXNjZW5vZ3JhZsOtYSBhY8O6c3RpY2EgQWxiZXJ0byBNYXJ0aW4gT3J1w7FhIHkgUm9kcmlnbyBHYWxsZWdvIE1hcmlu,IFBJVEVBIFByb3RIY2Npw7NulGRIIGxhlGluZmgybWFjw61vbiBtZWRpYWSOZSBOw6ljbmIjYXMgzGUgZXNjZWSvZ3JhzsOtYSBhY806c3RpYZEgQWxiZXJObyBNYXJOaW4gT3Jlw7FhlHkgUm9kcmInbYBHYWxsZWdvIELhcmlu
73,88.05,IFBJVEVBIFByb3RlY2Npw7NuIGRlIGxhIGluZm9ybWFjw61vbiBtZWRpYW50ZSB0w6ljbmljYXMgZGUgZXNjZW5vZ3JhZsOtYSBhY8O6c3RpY2EgQWxiZXJ0byBNYXJ0aW4gT3J1w7FhIHkgUm9kcmlnbyBHYWxsZWdvIE1hcmlu,IFBJVEVBIFByb3RIY2NpwTNulGRIIGxhlGluZmgybWFjw6IvbiBtZWRpYW5OZSBOw6ljbmIjYXMgZGUgZXNjZWSvZ3JhzsOtYSBhy806c3RpY2EgQWxiZXJObyBNYXIOaW4gT3J1wFhIHkgUmgkcmlnbyBHYWxsZWdvlElhcmlu
75,88.95,IFBJVEVBIFByb3RlY2Npw7NuIGRlIGxhIGluZm9ybWFjw61vbiBtZWRpYW50ZSB0w6ljbmljYXMgZGUgZXNjZW5vZ3JhZsOtYSBhY8O6c3RpY2EgQWxiZXJ0byBNYXJ0aW4gT3J1w7FhIHkgUm9kcmlnbyBHYWxsZWdvIE1hcmlu,IFBJVEVBIFByb3RIYZNpw7NulGRIIGxhlGluZmgybWFjw61vbiBtZWRpYW5OZSBOw6ljbmIjYXMgZGUgZXNjZW5vZ3JhZsOtYSBhY8O6c3RpYZEgQWxiZXJObyBNYXJOaw4gT3Jlw7FhIHkgUmgkcmlnbyBHYWXSZWdvlEIhcmlu
77,88.37,IFBJVEVBIFByb3RlY2Npw7NuIGRlIGxhIGluZm9ybWFjw61vbiBtZWRpYW50ZSB0w6ljbmljYXMgZGUgZXNjZW5vZ3JhZsOtYSBhY8O6c3RpY2EgQWxiZXJ0byBNYXJ0aW4gT3J1w7FhIHkgUm9kcmlnbyBHYWxsZWdvIE1hcmlu,IFBJVEVBIFByb3RIY2NpwZNulGRIIGxhlGluZmgybWFjw6lvbiBtZWRpyWSOZSBOw6ljbmljYXMgZGUgZXNjZWSvZ3JhZsOtYSBhy8o6c3RpY2EgQWxiZXJObyBNYXJOaW4gT3JIwZFhlHkgUmgkcmlnbyBHYWxsZWdvIE1hcmlu
79,88.37,IFBJVEVBIFByb3RlY2Npw7NuIGRlIGxhIGluZm9ybWFjw61vbiBtZWRpYW50ZSB0w6ljbmljYXMgZGUgZXNjZW5vZ3JhZsOtYSBhY8O6c3RpY2EgQWxiZXJ0byBNYXJ0aW4gT3J1w7FhIHkgUm9kcmlnbyBHYWxsZWdvIE1hcmlu,IFBJVEVBIFByb3RIYZNpw7NulGRIIGxhlGluZmgybwFjw61vbiBtZWRpYWSOZSBOwGIjbmljYXMgZGUgZXNjZWSvZ3JhZsOtYSBhY8O6c3Rpy2EgQWxiZXJObyBNYXJOaW4gT3J1wZFhlHkgUm9kcmlnbyBHYWxszWdvIEIhcmlu
81,87.21,IFBJVEVBIFByb3RlY2Npw7NuIGRlIGxhIGluZm9ybWFjw61vbiBtZWRpYW50ZSB0w6ljbmljYXMgZGUgZXNjZW5vZ3JhZsOtYSBhY8O6c3RpY2EgQWxiZXJ0byBNYXJ0aW4gT3J1w7FhIHkgUm9kcmlnbyBHYWxsZWdvIE1hcmlu,IFBJVEVBIFByb3RIYZNpwZNuIGRIIGxhIGluZmgybWFjw6lvbiBtZwRpYWSOZSBOw6ljbmIjYXMgZGUgZXNJZWSvz3JhzsOtYSBhY806c3RpYZEgQWxizXJObyBNYXJOaW4gT3J1w7FhIHkgUmgkcmlnbyBHYWxsZWdvIElhcmlu
83,87.79,IFBJVEVBIFByb3RlY2Npw7NuIGRlIGxhIGluZm9ybWFjw61vbiBtZWRpYW50ZSB0w6ljbmljYXMgZGUgZXNjZW5vZ3JhZsOtYSBhY8O6c3RpY2EgQWxiZXJ0byBNYXJ0aW4gT3J1w7FhIHkgUm9kcmlnbyBHYWxsZWdvIE1hcmlu,IFBJVEVBIFByb3RIYZNpwTNulGRIIGxhlGluZmgybWFjw6lvbiBtZWRpYWSOZSBOw6IjbmIjYXMgZGUgZXNjZWSvZ3JhZsOtYSBhY806c3RpY2EgQWxizXJObyBNYXJOaW4gT3Jlw7FhIHkgUmgkcmlnbyBHYWxsZWdvIEIhcmlu
85,84.88,IFBJVEVBIFByb3RlY2Npw7NuIGRlIGxhIGluZm9ybWFjw61vbiBtZWRpYW50ZSB0w6ljbmljYXMgZGUgZXNjZW5vZ3JhZsOtYSBhY8O6c3RpY2EgQWxiZXJ0byBNYXJ0aW4gT3J1w7FhIHkgUm9kcmlnbyBHYWxsZWdvIE1hcmlu,IFBJVEVBIFByb3RIYZNpwZNulGRIIGxhlGluzmgybWFjw6lvbiBtzWRpYWSOZSBOw6ljbmIjYXMgzGUgZXNjZWSvZ3JhZsOtYSBhY8O6c3RpY2EgQwxiZXJObyBNYXJOaW4gT3JlwZFhlHkgUmgkcmInbyBHYWxsZWdvlElhcmlu
87,84.3,IFBJVEVBIFByb3RlY2Npw7NuIGRlIGxhIGluZm9ybWFjw61vbiBtZWRpYW50ZSB0w6ljbmljYXMgZGUgZXNjZW5vZ3JhZsOtYSBhY8O6c3RpY2EgQWxiZXJ0byBNYXJ0aW4gT3J1w7FhIHkgUm9kcmlnbyBHYWxsZWdvIE1hcmlu,IFBJVEVBIFByb3RIYZNpwZNulGRIIGxhlGluzm9ybWFjw6lvbiBtZWRpYWsOZSBOw6ljbmIjYXMgzGUgZXNjZWSvz3jhzsotYSBhY8o6c3Rpy2EgQWxizxjobyBNYXJOaW4gT3J1w7FhIHkgUmgkcmlnbyBHYWxsZWdvIElhcmlu
89,86.88,IFBJVEVBIFByb3RlY2Npw7NuIGRlIGxhIGluZm9ybWFjw61vbiBtZWRpYW50ZSB0w6ljbmljYXMgZGUgZXNjZW5vZ3JhZsOtYSBhY8O6c3RpY2EgQWxiZXJ0byBNYXJ0aW4gT3J1w7FhIHkgUm9kcmlnbyBHYWxsZWdvIE1hcmlu,IFBJVEVBIFByb3RIYZNpwZNulGRIIGxhlGluzm9ybWFjw6lvbiBtZWRpYWSOZSBOw6ljbmljYXMgZGUgZXNjzWSvz3JhzsOtYSBhY8O6c3Rpy2EgQWxizXObyBNYXJOaW4gT3J1w7FhIHkgUmgkcmInbyBHYWxsZWdvIElhcmlu
91,86.63,IFBJVEVBIFByb3RlY2Npw7NuIGRlIGxhIGluZm9ybWFjw61vbiBtZWRpYW50ZSB0w6ljbmljYXMgZGUgZXNjZW5vZ3JhZsOtYSBhY8O6c3RpY2EgQWxiZXJ0byBNYXJ0aW4gT3J1w7FhIHkgUm9kcmlnbyBHYWxsZWdvIE1hcmlu,IFBJVEVBIFByb3RIYZNpwZNulGRIIGxhIGluzm9ybWFjw6lvbiBtZWRpYWSOZSBOw6ljbmIjYXMgzGUgZXNjZWSvZ3JhzsotySBhY8O6c3RpY2EgQWxiZXjobyBNYXJOaW4gT3Jlw7FhIHkgUmgkcmlnbyBHYWxsZWdvlElhcmlu
93,87.21,IFBJVEVBIFByb3RlY2Npw7NuIGRlIGxhIGluZm9ybWFjw61vbiBtZWRpYW50ZSB0w6ljbmljYXMgZGUgZXNjZW5vZ3JhZsOtYSBhY8O6c3RpY2EgQWxiZXJ0byBNYXJ0aW4gT3J1w7FhIHkgUm9kcmlnbyBHYWxsZWdvIE1hcmlu,IFBJVEVBIFByb3RIYZNpw7NulGRIIGxhiGluzmgybWFjw6lvbiBtZWRpYW5OZSBOw6ljbmljYXMgZGUgzXNjZWSvZ3JhzsOtYSBhY806c3RpY2EgQWxiZXJObyBNYXJOaW4gT3JlwZFhIHkgUmgkcmInbyBHYWxszWdvIEIhcmlu
95,83.97,IFBJVEVBIFByb3RlY2Npw7NuIGRlIGxhIGluZm9ybWFjw61vbiBtZWRpYW50ZSB0w6ljbmljYXMgZGUgZXNjZW5vZ3JhZsOtYSBhY8O6c3RpY2EgQWxiZXJ0byBNYXJ0aW4gT3J1w7FhIHkgUm9kcmlnbyBHYWxsZWdvIE1hcmlu,IFBJVEVBIFByb3RIYZNpwTNulGRIIGxhIGluZmgybWFjw6IvbiBtZWRpYWSOZSBOw6IjbmIjYXMgZGUgZXNjZWSvz3JhzsOtYSBhY8O6c3RpY2EgqWxizxjobyBNYXIOaW4gT3J1wZFhlHkgUmgkcmlnbyBHYWXSZWdvIEhcmlu
97,86.3,IFBJVEVBIFByb3RlY2Npw7NuIGRlIGxhIGluZm9ybWFjw61vbiBtZWRpYW50ZSB0w6ljbmljYXMgZGUgZXNjZW5vZ3JhZsOtYSBhY8O6c3RpY2EgQWxiZXJ0byBNYXJ0aW4gT3J1w7FhIHkgUm9kcmlnbyBHYWxsZWdvIE1hcmlu,IFBJVEVBIFByb3RIYZNpw7NulGRIIGxhIGluZmgybWFjw6IvbiBtZWRpyWSOZSBOw6IjbmIjYXMgzGUgZXNjZWSvz3JhZsOtYSBhY806c3RpY2EgQWxiZXObyBNYXJOaW4gT3JlwZFhIHkgUmgkcmlnbyBHYWxsZWdvlElhcmlu
99,86.63,IFBJVEVBIFByb3RlY2Npw7NuIGRlIGxhIGluZm9ybWFjw61vbiBtZWRpYW50ZSB0w6ljbmljYXMgZGUgZXNjZW5vZ3JhZsOtYSBhY8O6c3RpY2EgQWxiZXJ0byBNYXJ0aW4gT3J1w7FhIHkgUm9kcmlnbyBHYWxsZWdvIE1hcmlu,IFBJVEVBIFByb3RIYZNpw7NulGRIIGxhIGluZmgybWFjw6lvbiBtZWRpYWSOZSBOw6ljbmIjYXMgzGUgZXNjZW5vZ3JhZsOtYSBhY8O6c3RpYZEgQWxizxyObyBNYXJOaW4gT3JIwZFhlHkgUmgkcmlnbyBHYWxSZWdvIElhcmlu
101,87.21,IFBJVEVBIFByb3RlY2Npw7NuIGRlIGxhIGluZm9ybWFjw61vbiBtZWRpYW50ZSB0w6ljbmljYXMgZGUgZXNjZW5vZ3JhZsOtYSBhY8O6c3RpY2EgQWxiZXJ0byBNYXJ0aW4gT3J1w7FhIHkgUm9kcmlnbyBHYWxsZWdvIE1hcmlu,IFBJVEVBIFByb3RIYZNpw7NulGRIIGxhIGluzmgybWFjw6lvbiBtZWRpYWSOZSBOwGljbmIjYXMgZGUgZXNjZWSvZ3JhzsotYSBhY806c3RpYZEgQWxiZXJObyBNYXJOaW4gT3JIw7FhlHkgUmgkcmlnbyBHYWxsZWdvIE1hcmlu
103,86.63,IFBJVEVBIFByb3RlY2Npw7NuIGRlIGxhIGluZm9ybWFjw61vbiBtZWRpYW50ZSB0w6ljbmljYXMgZGUgZXNjZW5vZ3JhZsOtYSBhY8O6c3RpY2EgQWxiZXJ0byBNYXJ0aW4gT3J1w7FhIHkgUm9kcmlnbyBHYWxsZWdvIE1hcmlu,IFBJVEVBIFByb3RIYZNpw7NulGRIIGxhlGluzmgybWFjw61vbiBtzwRpYWsOzSBOw6ljbmIjYXMgZGUgZXNjZWSvZ3JhzsOtYSBhY806c3RpY2EgQwxiZXJObyBNYXJOaW4gT3J1wZFhIHkgUm9kcmInbyBHYWxsZWdvIEIhcmlu
105,83.72,IFBJVEVBIFByb3RlY2Npw7NuIGRlIGxhIGluZm9ybWFjw61vbiBtZWRpYW50ZSB0w6ljbmljYXMgZGUgZXNjZW5vZ3JhZsOtYSBhY8O6c3RpY2EgQWxiZXJ0byBNYXJ0aW4gT3J1w7FhIHkgUm9kcmlnbyBHYWxsZWdvIE1hcmlu,IFBJVEVBIFByb3RIYZNpw7NulGRIIGxhIGluZmgybwFjw6lvbiBtzWRpYWSOzSBOwbljbmljyXMgZGUgZXNjZWSvZ3JhZsOtYSBhY8O6c3RpY2EgQWxizxyobyBNYXJOaW4gT3JlwZFhIHKgUmgkcmInbYBHYWxsZWdvlElhcmlu
107,83.63,IFBJVEVBIFByb3RlY2Npw7NuIGRlIGxhIGluZm9ybWFjw61vbiBtZWRpYW50ZSB0w6ljbmljYXMgZGUgZXNjZW5vZ3JhZsOtYSBhY8O6c3RpY2EgQWxiZXJ0byBNYXJ0aW4gT3J1w7FhIHkgUm9kcmlnbyBHYWxsZWdvIE1hcmlu,IFBJVEVBIFByb3RIYZNpw7NulGRIIGxhIGluzmgybwFjw6lvbiBtzWRpYWSOZSBOwGljbmjyXMgZGUgzXNjZWSvz3JhZsOtYSBhY8O6c3RpY2EgQWxizXObyBNYXJOaW4gT3JIwZFhlHkgUmgkcmInbyBHYWxsZWdvlELhcmlu
109,87.21,IFBJVEVBIFByb3RlY2Npw7NuIGRlIGxhIGluZm9ybWFjw61vbiBtZWRpYW50ZSB0w6ljbmljYXMgZGUgZXNjZW5vZ3JhZsOtYSBhY8O6c3RpY2EgQWxiZXJ0byBNYXJ0aW4gT3J1w7FhIHkgUm9kcmlnbyBHYWxsZWdvIE1hcmlu,IFBJVEVBIFByb3RIYZNpw7NulGRIIGxhIGluZmgybWFiw61vbiBtZWRpYW5OZSBOw6ljbmIjYXMgZGUgZXNjZWSvZ3JhZsOtYSBhy8o6c3RpYZEgQWxizXJObyBNYXJOaW4gT3J1wZFhIHkgumgkcmInbyBHYWxsZWdvlElhcmlu
111,85.47,IFBJVEVBIFByb3RlY2Npw7NuIGRlIGxhIGluZm9ybWFjw61vbiBtZWRpYW50ZSB0w6ljbmljYXMgZGUgZXNjZW5vZ3JhZsOtYSBhY8O6c3RpY2EgQWxiZXJ0byBNYXJ0aW4gT3J1w7FhIHkgUm9kcmlnbyBHYWxsZWdvIE1hcmlu,IFBJVEVBIFByb3RIYZNpw7NulGRIIGxhlGluZmgybWFiw6lvbiBtZWRpYW50ZSBOw6ljbmIjYXMgzGUgZXNjZWSvz3JhzsotYSBhY806c3RpY2EgQwxiZXJObyBNYXIOaW4gT3J1wZFhlHkgUmgkcmlnbyBHYWxszWdvIElhcmlu
113,86.63,IFBJVEVBIFByb3RlY2Npw7NuIGRlIGxhIGluZm9ybWFjw61vbiBtZWRpYW50ZSB0w6ljbmljYXMgZGUgZXNjZW5vZ3JhZsOtYSBhY8O6c3RpY2EgQWxiZXJ0byBNYXJ0aW4gT3J1w7FhIHkgUm9kcmlnbyBHYWxsZWdvIE1hcmlu,IFBJVEVBIFByb3RIYZNpw7NulGRIIGxhlGluzmgybWFjw6lvbiBtZWRpYWSOZSBOw6ljbmIjYxMgZGUgZXNjZWSvZ3JhzsOtYSBhy806c3RpY2EgQWxiZXJObyBNYXJOaW4gT3Jlw7FhIHkgUmgkcmlnbyBHYWxsZWdvlElhcmlu
115,86.63,IFBJVEVBIFByb3RlY2Npw7NuIGRlIGxhIGluZm9ybWFjw61vbiBtZWRpYW50ZSB0w6ljbmljYXMgZGUgZXNjZW5vZ3JhZsOtYSBhY8O6c3RpY2EgQWxiZXJ0byBNYXJ0aW4gT3J1w7FhIHkgUm9kcmlnbyBHYWxsZWdvIE1hcmlu,IFBJVEVBIFByb3RIYZNpw7NulGRIIGxhlGluzm9ybWFjw61vbiBtZWRpYWSOZSBOwGljbmIjYXMgzGUgzXNjZWSvz3JhZsOtYSBhY806c3RpY2EgQWxiZXJObyBNYXJOaW4gT3JlwZFhlHkgUm9kcmInbyBHYWxsZWdvIElhcmlu
117,84.88,IFBJVEVBIFByb3RlY2Npw7NuIGRlIGxhIGluZm9ybWFjw61vbiBtZWRpYW50ZSB0w6ljbmljYXMgZGUgZXNjZW5vZ3JhZsOtYSBhY8O6c3RpY2EgQWxiZXJ0byBNYXJ0aW4gT3J1w7FhIHkgUm9kcmlnbyBHYWxsZWdvIE1hcmlu,IFBJVEVBIFByb3RIYZNpW7NulGRIIGxhlGluzm9ybWFjw61vbiBtZWRpYWSOZSBOwGljbmIjYXMgzGUgzXNjZWSvz3jhZsOtYSBhY806c3Rpy2EgQWxiZXJObyBNYXJOaW4gT3Jlw7FhlHkgUm9kcmInbyBHYWxsZWdvlElhcmlu
119,86.63,IFBJVEVBIFByb3RlY2Npw7NuIGRlIGxhIGluZm9ybWFjw61vbiBtZWRpYW50ZSB0w6ljbmljYXMgZGUgZXNjZW5vZ3JhZsOtYSBhY8O6c3RpY2EgQWxiZXJ0byBNYXJ0aW4gT3J1w7FhIHkgUm9kcmlnbyBHYWxsZWdvIE1hcmlu,IFBJVEVBIFByb3RIYZNpw7NulGRIIGxhIGluzmgybWFjw61vbiBtZWRpYWSOzsBOw6ljbmljYXMgZGUgZXNJZWSvZ3JhzsotYSBhY806c3RpY2EgQwxiZXIObyBNYXJOaW4gT3J1wZFhIHkgUmgkcmInbyBHYWxsZWdvIElhcmlu
121,84.88,IFBJVEVBIFByb3RlY2Npw7NuIGRlIGxhIGluZm9ybWFjw61vbiBtZWRpYW50ZSB0w6ljbmljYXMgZGUgZXNjZW5vZ3JhZsOtYSBhY8O6c3RpY2EgQWxiZXJ0byBNYXJ0aW4gT3J1w7FhIHkgUm9kcmlnbyBHYWxsZWdvIE1hcmlu,IFBJVEVBIFByb3RIYZNpwZNulGRIIGxhIGluzmgybWFjw6lvbiBtzWRpYWsozsBOw6ljbmljYXMgZGUgZXNJZWSvZ3JhzsOtYSBhY806c3RpY2EgQWxiZXiObyBNYXJOaw4gT3JlwTFhIHkgUmgkcmlnbyBHYWxsZWdvIElhcmlu
123,89.53,IFBJVEVBIFByb3RlY2Npw7NuIGRlIGxhIGluZm9ybWFjw61vbiBtZWRpYW50ZSB0w6ljbmljYXMgZGUgZXNjZW5vZ3JhZsOtYSBhY8O6c3RpY2EgQWxiZXJ0byBNYXJ0aW4gT3J1w7FhIHkgUm9kcmlnbyBHYWxsZWdvIE1hcmlu,IFBJVEVBIFByb3RIY2Npw7NuIGRIiGxhIGluzmgybWFjw61vbiBtZWRpYWsozsBOw6ljbmljYXMgZGUgZXNjZWSvZ3JhzsOtySBhY806c3RpY2EgQWxiZXJObyBNYXJOaW4gT3JlwZFhIHkgUm9kcmlnbyBHYWxsZWdvIElhcmlu
125,85.47,IFBJVEVBIFByb3RlY2Npw7NuIGRlIGxhIGluZm9ybWFjw61vbiBtZWRpYW50ZSB0w6ljbmljYXMgZGUgZXNjZW5vZ3JhZsOtYSBhY8O6c3RpY2EgQWxiZXJ0byBNYXJ0aW4gT3J1w7FhIHkgUm9kcmlnbyBHYWxsZWdvIE1hcmlu,IFBJVEVBIFByb3RIYZNpw7NulGRIiGxhiGluzmgybWFjw61vbiBtZWRpYWsozsBOw6ljbmljYXMgZGUgZXNjZW5vZ3JhzsotYSBhY806c3RpYZEgQWxiZxjobyBNYXJOaW4gT3Jlw7FhIHkgUmgkcmlnbYBHYWxszWdvIElhcmlu
127,88.05,IFBJVEVBIFByb3RlY2Npw7NuIGRlIGxhIGluZm9ybWFjw61vbiBtZWRpYW50ZSB0w6ljbmljYXMgZGUgZXNjZW5vZ3JhZsOtYSBhY8O6c3RpY2EgQWxiZXJ0byBNYXJ0aW4gT3J1w7FhIHkgUm9kcmlnbyBHYWxsZWdvIE1hcmlu,IFBJVEVBIFByb3RIY2Npw7NulGRIGxhlGluZmgybWFjw6lvbiBtzWRpYW5OZSBOw6ljbmIjYXMgzGUgZXNjZWSvz3JhzsOtYSBhY806c3RpY2EgQWxizXJObyBNYXJOaW4gT3J1w7FhIHkgUmgkcmlnbyBHYWxsZWdvlElhcmlu
129,86.05,IFBJVEVBIFByb3RlY2Npw7NuIGRlIGxhIGluZm9ybWFjw61vbiBtZWRpYW50ZSB0w6ljbmljYXMgZGUgZXNjZW5vZ3JhZsOtYSBhY8O6c3RpY2EgQWxiZXJ0byBNYXJ0aW4gT3J1w7FhIHkgUm9kcmlnbyBHYWxsZWdvIE1hcmlu,IFBJVEVBIFByb3RIY2NpwZNulGRIIGxhlGluZmgybWFjw6lvbiBtzWRpYW5OZSBOw6ljbmIjYXMgzGUgZXNjZWSvz3jhzsOtYSBhY806c3Rpy2EgQWxizXJObyBNYXJOaW4gT3J1w7FhIHkgUmgkcmlnbyBHYWxsZWdvlElhcmlu
131,87.79,IFBJVEVBIFByb3RlY2Npw7NuIGRlIGxhIGluZm9ybWFjw61vbiBtZWRpYW50ZSB0w6ljbmljYXMgZGUgZXNjZW5vZ3JhZsOtYSBhY8O6c3RpY2EgQWxiZXJ0byBNYXJ0aW4gT3J1w7FhIHkgUm9kcmlnbyBHYWxsZWdvIE1hcmlu,IFBJVEVBIFByb3RIY2NpwTNulGRIIGxhIGluzmgybWFjw6lvbiBtZWRpYWSOZSBOw6ljbmljyXMgZGUgZXNjZWSvZ3JhzsOtYSBhY806c3RpY2EgQWxiZXJObyBNYXJOaW4gT3JlwZFhlHkgUmgkcmlnbYBHYWxsZWdvIE1hcmlu
133,84.3,IFBJVEVBIFByb3RlY2Npw7NuIGRlIGxhIGluZm9ybWFjw61vbiBtZWRpYW50ZSB0w6ljbmljYXMgZGUgZXNjZW5vZ3JhZsOtYSBhY8O6c3RpY2EgQWxiZXJ0byBNYXJ0aW4gT3J1w7FhIHkgUm9kcmlnbyBHYWxsZWdvIE1hcmlu,IFBJVEVBIFByb3RIY2NpwZNulGRIIGxhIGluzmgybWFjw6lvbiBtZWRpyWSOZSBOweljbmljyXMgZGUgZXNjZWSvZ3JhZsOtYSBhY806c3RpY2EgQWxiZxyObyBNYXJOaW4gT3JlwZFhIHKgUmgkcmInbyBHYWXSZWdvIEIhcmlu
135,88.37,IFBJVEVBIFByb3RlY2Npw7NuIGRlIGxhIGluZm9ybWFjw61vbiBtZWRpYW50ZSB0w6ljbmljYXMgZGUgZXNjZW5vZ3JhZsOtYSBhY8O6c3RpY2EgQWxiZXJ0byBNYXJ0aW4gT3J1w7FhIHkgUm9kcmlnbyBHYWxsZWdvIE1hcmlu,IFBJVEVBIFByb3RIY2NpwZNuIGRIIGxhlGluZmgybWFjw6lvbiBtZWRpYWSOZSBOw6ljbmljYXMgzGUgZXNjZWSvZ3JhzsOtYSBhY806c3Rpy2EgQWxizXJobyBNYXJOaW4gT3J1w7FhlHkgUmgkcmlnbyBHYWxsZWdvIElhcmlu
137,88.37,IFBJVEVBIFByb3RlY2Npw7NuIGRlIGxhIGluZm9ybWFjw61vbiBtZWRpYW50ZSB0w6ljbmljYXMgZGUgZXNjZW5vZ3JhZsOtYSBhY8O6c3RpY2EgQWxiZXJ0byBNYXJ0aW4gT3J1w7FhIHkgUm9kcmlnbyBHYWxsZWdvIE1hcmlu,IFBJVEVBIFByb3RIY2NpwZNuIGRIIGxhlGluZmgybWFjw61vbiBtZWRpYWSOZSBOw6ljbmIjYXMgzGUgZXNjZWSvZ3JhzsOtYSBhY806c3RpYZEgQWxiZXJObyBNYXIOaW4gT3Jlw7FhIHkgUmgkcmlnbyBHYWxsZWdvIELhcmlu
139,84.3,IFBJVEVBIFByb3RlY2Npw7NuIGRlIGxhIGluZm9ybWFjw61vbiBtZWRpYW50ZSB0w6ljbmljYXMgZGUgZXNjZW5vZ3JhZsOtYSBhY8O6c3RpY2EgQWxiZXJ0byBNYXJ0aW4gT3J1w7FhIHkgUm9kcmlnbyBHYWxsZWdvIE1hcmlu,IFBJVEVBIFByb3RIY2NpwZNuIGRIIGxhlGluzmgybWFjw61vbiBtZWRpywsOZSBOw6ljbmIjYXMgzGUgZXNjZWSvz3JhZsOtYSBhY8o6c3RpYZEgQwxiZXjObyBNYXJOaW4gT3J1wZFhlHkgUmgkcmlnbyBHYWXSZWdvIEIhcmlu
141,83.14,IFBJVEVBIFByb3RlY2Npw7NuIGRlIGxhIGluZm9ybWFjw61vbiBtZWRpYW50ZSB0w6ljbmljYXMgZGUgZXNjZW5vZ3JhZsOtYSBhY8O6c3RpY2EgQWxiZXJ0byBNYXJ0aW4gT3J1w7FhIHkgUm9kcmlnbyBHYWxsZWdvIE1hcmlu,IFBJVEEVBIFByb3RIYZNpwTNulGRIIGxhlGluzmgybWFjw6lvbiBtZWRpYWSozSBOw6ljbmIjYXMgZGUgZXNjZWSvz3JhzsOtYSBhY806c3RpY2EgQWxizxyobyBNYXOaW4gT3JlwzFhlHkgUmgkcmlnbyBHYWxsZWdvIElhcmlu
143,86.05,IFBJVEVBIFByb3RlY2Npw7NuIGRlIGxhIGluZm9ybWFjw61vbiBtZWRpYW50ZSB0w6ljbmljYXMgZGUgZXNjZW5vZ3JhZsOtYSBhY8O6c3RpY2EgQWxiZXJ0byBNYXJ0aW4gT3J1w7FhIHkgUm9kcmlnbyBHYWxsZWdvIE1hcmlu,IFBJVEVBIFByb3RIYZNpwTNulGRIIGxhlGluzm9ybWFjw6lvbiBtzWRpYW5OZSBOw6IjbmljYXMgzGUgZXNjZW5vZ3JhZsotYSBhY806c3Rpy2EgQWxiZXfObyBNYXJOaW4gT3Jlw7FhlHkgUmgkcmlnbyBHYWxsZWdVIElhcmlu
145,86.05,IFBJVEVBIFByb3RlY2Npw7NuIGRlIGxhIGluZm9ybWFjw61vbiBtZWRpYW50ZSB0w6ljbmljYXMgZGUgZXNjZW5vZ3JhZsOtYSBhY8O6c3RpY2EgQWxiZXJ0byBNYXJ0aW4gT3J1w7FhIHkgUm9kcmlnbyBHYWxsZWdvIE1hcmlu,IFBJVEVBIFByb3RIY2NpwzNulGRIIGxhlGluzm9ybWFjw61vbiBtzWRpYW5OZSBOw6IjbmIjYXMgzGUgZXNjZW5vZ3JhZsotYSBhY806c3Rpy2EgQWxiZXfObyBNYXJOaw4gT3Jlw7FhlHkgUmgkcmlnbyBHYWxsZWdVIElhcmlu
147,88.37,IFBJVEVBIFByb3RlY2Npw7NuIGRlIGxhIGluZm9ybWFjw61vbiBtZWRpYW50ZSB0w6ljbmljYXMgZGUgZXNjZW5vZ3JhZsOtYSBhY8O6c3RpY2EgQWxiZXJ0byBNYXJ0aW4gT3J1w7FhIHkgUm9kcmlnbyBHYWxsZWdvIE1hcmlu,IFBJVEVBIFByb3RIY2Npw7NulGRIIGxhIGluzmgybWFjw6lvbiBtZWRpYW50ZSBOwGljbmljYXMgZGUgZXNjZWSvZ3JhzsOtYSBhY806c3RpY2EgQwxizXiobyBNYXJOaW4gT3J1wZFhlHkgUmgkcmlnbyBHYWxsZWdvIElhcmlu
149,87.21,IFBJVEVBIFByb3RlY2Npw7NuIGRlIGxhIGluZm9ybWFjw61vbiBtZWRpYW50ZSB0w6ljbmljYXMgZGUgZXNjZW5vZ3JhZsOtYSBhY8O6c3RpY2EgQWxiZXJ0byBNYXJ0aW4gT3J1w7FhIHkgUm9kcmlnbyBHYWxsZWdvIE1hcmlu,IFBJVEVBIFByb3RIY2Npw7NulGRIIGxhIGluzm9ybWFjw6lvbiBtZWRpYWSOZSBOw6ljbmljYXMgzGUgZXNjZWSvz3JhZsOtYSBhY806c3RpY2EgoWxizxyobyBNYXJOaW4gT3J1wZFhlHkgUmgkcmInbyBHYWxsZWdvIE1hcmlu
151,84.88,IFBJVEVBIFByb3RlY2Npw7NuIGRlIGxhIGluZm9ybWFjw61vbiBtZWRpYW50ZSB0w6ljbmljYXMgZGUgZXNjZW5vZ3JhZsOtYSBhY8O6c3RpY2EgQWxiZXJ0byBNYXJ0aW4gT3J1w7FhIHkgUm9kcmlnbyBHYWxsZWdvIE1hcmlu,IFBJVEVBIFByb3RIYZNpwZNulGRIIGxhlGluzmgybWFjw6lvbiBtZWRpYWSOZSBOw6ljbmljYXMgzGUgZXNjZWSvz3jhZsOtYSBhy8O6c3RpY2EgqWxizxjobyBNYXJOaW4gT3J1wZFhlHkgUm9kcmInbyBHYWxsZWdvIE1hcmlu
153,87.21,IFBJVEVBIFByb3RlY2Npw7NuIGRlIGxhIGluZm9ybWFjw61vbiBtZWRpYW50ZSB0w6ljbmljYXMgZGUgZXNjZW5vZ3JhZsOtYSBhY8O6c3RpY2EgQWxiZXJ0byBNYXJ0aW4gT3J1w7FhIHkgUm9kcmlnbyBHYWxsZWdvIE1hcmlu,IFBJVEVBIFByb3RIYZNpwZNulGRIIGxhIGluZmgybwFjw6lvbiBtZWRpYWSOZSBOw6ljbmljYXMgZGUgZXNjZWSvz3JhZsOtYSBhY806c3Rpy2EgQWxiZXIObyBNYXJOaW4gT3J1wZFhlHkgUmgkcmlnbyBHYWxsZWdvIElhcmlu
155,85.71,IFBJVEVBIFByb3RlY2Npw7NuIGRlIGxhIGluZm9ybWFjw61vbiBtZWRpYW50ZSB0w6ljbmljYXMgZGUgZXNjZW5vZ3JhZsOtYSBhY8O6c3RpY2EgQWxiZXJ0byBNYXJ0aW4gT3J1w7FhIHkgUm9kcmlnbyBHYWxsZWdvIE1hcmlu,IFBJVEVBIFByb3RIYZNpwZNulGRIIGxhlGluZmgybwFjw6lvbiBtZWRpYWSOZSBOw6ljbmIjYXMgZGUgZXNjZWSvZ3JhZsotYSBhY8O6c3RpYZEgQwxiZXobyBNYXJOaW4gT3J1wZFhlHkgUmgkcmlnbyBHYWxszWdvIElhcmlu
157,89.53,IFBJVEVBIFByb3RlY2Npw7NuIGRlIGxhIGluZm9ybWFjw61vbiBtZWRpYW50ZSB0w6ljbmljYXMgZGUgZXNjZW5vZ3JhZsOtYSBhY8O6c3RpY2EgQWxiZXJ0byBNYXJ0aW4gT3J1w7FhIHkgUm9kcmlnbyBHYWxsZWdvIE1hcmlu,IFBJVEVBIFByb3RIY2NpwZNulGRIIGxhIGluZmgybWFjw61vbiBtZWRpYW5OZSBOw6ljbmljYXMgZGUgZXNjZWSvz3JhzsOtYSBhY806c3RpY2EgQWxizxyObyBNYXJOaW4gT3J1w7FhIHkgUmgkcmlnbyBHYWxsZWdvIElhcmlu
159,86.63,IFBJVEVBIFByb3RlY2Npw7NuIGRlIGxhIGluZm9ybWFjw61vbiBtZWRpYW50ZSB0w6ljbmljYXMgZGUgZXNjZW5vZ3JhZsOtYSBhY8O6c3RpY2EgQWxiZXJ0byBNYXJ0aW4gT3J1w7FhIHkgUm9kcmlnbyBHYWxsZWdvIE1hcmlu,IFBJVEVBIFByb3RIY2NpwZNulGRIIGxhIGluZmgybWFjw61vbiBtZWRpYw5oZSBOw6ljbmljYXMgZGUgZXNjZWSvz3JhzsOtYSBhY806c3RpYZEgQWxizxjObyBNYXlOaw4gT3J1w7FhIHkgUmgkcmlnbyBHYWxsZWdvIElhcmIu
161,84.88,IFBJVEVBIFByb3RlY2Npw7NuIGRlIGxhIGluZm9ybWFjw61vbiBtZWRpYW50ZSB0w6ljbmljYXMgZGUgZXNjZW5vZ3JhZsOtYSBhY8O6c3RpY2EgQWxiZXJ0byBNYXJ0aW4gT3J1w7FhIHkgUm9kcmlnbyBHYWxsZWdvIE1hcmlu,IFBJVEVBIFByb3RIY2NpwZNulGRIIGxhlGluzmgybWFjw61vbiBtZWRpYWSOZSBOwoljbmIjYXMgzGUgZXNjZWSvZ3JhzsotYSBhY8O6c3RpY2EgQwxiZXyobyBNYXJOaW4gT3JlwTFhlHkgUmgkcmInbyBHYWxsZWdvIEIhcmlu
163,85.13,IFBJVEVBIFByb3RlY2Npw7NuIGRlIGxhIGluZm9ybWFjw61vbiBtZWRpYW50ZSB0w6ljbmljYXMgZGUgZXNjZW5vZ3JhZsOtYSBhY8O6c3RpY2EgQWxiZXJ0byBNYXJ0aW4gT3J1w7FhIHkgUm9kcmlnbyBHYWxsZWdvIE1hcmlu,IFBJVEVBIFByb3RIY2NpwZNulGRIIGxhlGluzmgybWFjw61vbiBtZWRpYWSOZSBOweljbmIjYXMgzGUgZXNjZWSvz3JhZsOtYSBhY806c3RpY2EgQwxiZyObyBNYXJOaW4gT3J1wZFhIHkgUm9kcmlnbYBHYWxSZWdvlElhcmlu
165,87.21,IFBJVEVBIFByb3RlY2Npw7NuIGRlIGxhIGluZm9ybWFjw61vbiBtZWRpYW50ZSB0w6ljbmljYXMgZGUgZXNjZW5vZ3JhZsOtYSBhY8O6c3RpY2EgQWxiZXJ0byBNYXJ0aW4gT3J1w7FhIHkgUm9kcmlnbyBHYWxsZWdvIE1hcmlu,IFBJVEVBIFByb3RIY2NpwZNulGRIIGxhlGluzmgybWFjw61vbiBtZWRpYWSOZSBOw6ljbmIjYXMgZGUgzXNjZWSvZ3JhzsOtYSBhY806c3RpY2EgQWxiZxJObyBNYXJOaW4gT3J1wZFhIHkgUmgkcmInbyBHYWxsZWdvIEIhcmlu
167,87.79,IFBJVEVBIFByb3RlY2Npw7NuIGRlIGxhIGluZm9ybWFjw61vbiBtZWRpYW50ZSB0w6ljbmljYXMgZGUgZXNjZW5vZ3JhZsOtYSBhY8O6c3RpY2EgQWxiZXJ0byBNYXJ0aW4gT3J1w7FhIHkgUm9kcmlnbyBHYWxsZWdvIE1hcmlu,IFBJVEVBIFByb3RIY2NpwZNulGRIIGxhlGluZmgybWFjw61vbiBtZWRpYWSOzsBOw6ljbmIjYXMgZGUgzXNjZW5vZ3JhzsOtYSBhY806c3RpY2EgQWxizXJObyBNYXIOaW4gT3J1wZFhIHkgUmgkcmlnbyBHYWxsZWdvIEIhcmlu
169,83.72,IFBJVEVBIFByb3RlY2Npw7NuIGRlIGxhIGluZm9ybWFjw61vbiBtZWRpYW50ZSB0w6ljbmljYXMgZGUgZXNjZW5vZ3JhZsOtYSBhY8O6c3RpY2EgQWxiZXJ0byBNYXJ0aW4gT3J1w7FhIHkgUm9kcmlnbyBHYWxsZWdvIE1hcmlu,IFBJVEVBIFByb3RIYZNpwZNulGRIIGxhIGluzm9ybWFjw6lvbiBtZWRpYWSOzSBOw6IjbmljYXMgzGugZXNjZWSvz3jhzsOtYSBhY8o6c3Rpy2EgQWxiZXjObYBNYXJOaWAgT3J1wTFhIHkgUmgkcmlnbyBHYWxsZWdvIElhcmlu
171,84.3,IFBJVEVBIFByb3RlY2Npw7NuIGRlIGxhIGluZm9ybWFjw61vbiBtZWRpYW50ZSB0w6ljbmljYXMgZGUgZXNjZW5vZ3JhZsOtYSBhY8O6c3RpY2EgQWxiZXJ0byBNYXJ0aW4gT3J1w7FhIHkgUm9kcmlnbyBHYWxsZWdvIE1hcmlu,IFBJVEVBIFByb3RIYZNpwZNulGRIIGxhIGluzm9ybWFjw6lvbiBtZWRpYWSOZSBOw6IjbmljYXMgzGugZXNjZWSvz3jhZsOtYSBhY8o6c3Rpy2EgQwxiZXjObYBNYXJOaW4gT3JLw7FhlHkgUmgkcmlnbyBHYWxsZWdvIEIhcmlu
173,85.47,IFBJVEVBIFByb3RlY2Npw7NuIGRlIGxhIGluZm9ybWFjw61vbiBtZWRpYW50ZSB0w6ljbmljYXMgZGUgZXNjZW5vZ3JhZsOtYSBhY8O6c3RpY2EgQWxiZXJ0byBNYXJ0aW4gT3J1w7FhIHkgUm9kcmlnbyBHYWxsZWdvIE1hcmlu,IFBJVEVBIFByb3RIYZNpwZNulGRIIGxhIGluzm9ybWFjw6lvbiBtZWRpYW5OZSBOw6ljbmljYXMgzGUgZXNjZWSvZ3JhzsOtYSBhY806c3RpYZEgQWxizxJObyBNYXIOaw4gT3J1wZFhIHkgUmgkcmlnbYBHYWXsZWdvIElhcmlu
175,84.88,IFBJVEVBIFByb3RlY2Npw7NuIGRlIGxhIGluZm9ybWFjw61vbiBtZWRpYW50ZSB0w6ljbmljYXMgZGUgZXNjZW5vZ3JhZsOtYSBhY8O6c3RpY2EgQWxiZXJ0byBNYXJ0aW4gT3J1w7FhIHkgUm9kcmlnbyBHYWxsZWdvIE1hcmlu,IFBJVEVBIFByb3RIYZNpwZNulGRIIGxhlGluzm9ybwFjw6lvbiBtZWRpYW5OZSBOwGljbmljYXMgzGUgZXNjZWSvZ3JhzsOtYSBhY806c3RpYZEgQWxizXJObyBNYXJOaW4gT3J1wZFhIHkgUmgkcmlnbYBHYWXSZWdvIElhcmlu
177,86.05,IFBJVEVBIFByb3RlY2Npw7NuIGRlIGxhIGluZm9ybWFjw61vbiBtZWRpYW50ZSB0w6ljbmljYXMgZGUgZXNjZW5vZ3JhZsOtYSBhY8O6c3RpY2EgQWxiZXJ0byBNYXJ0aW4gT3J1w7FhIHkgUm9kcmlnbyBHYWxsZWdvIE1hcmlu,IFBJVEVBIFByb3RIY2Npw7NulGRIIGxhlGluzmgybwFjw6lvbiBtZWRpYW5OZSBOwGljbmljYXMgzGUgZXNjZWSvZ3JhzsOtYSBhY806c3RpYZEgQWxizXJObyBNYXJOaW4gT3JlwZFhlHkgUmgkcmlnbyBHYWxsZWdvIElhcmlu
179,86.05,IFBJVEVBIFByb3RlY2Npw7NuIGRlIGxhIGluZm9ybWFjw61vbiBtZWRpYW50ZSB0w6ljbmljYXMgZGUgZXNjZW5vZ3JhZsOtYSBhY8O6c3RpY2EgQWxiZXJ0byBNYXJ0aW4gT3J1w7FhIHkgUm9kcmlnbyBHYWxsZWdvIE1hcmlu,IFBJVEVBIFByb3RIY2NpwZNulGRIIGxhlGluzm9ybwFjw6lvbiBtZWRpYW5OZSBOwGljbmIjYXMgZGUgzXNjZWSvz3JhZsOtYSBhY806c3Rpy2EgQWxiZXfObyBNYXJOaW4gT3Jlw7FhlHkgUmgkcmlnbyBHYWxsZWdvIEIhcmlu
181,86.05,IFBJVEVBIFByb3RlY2Npw7NuIGRlIGxhIGluZm9ybWFjw61vbiBtZWRpYW50ZSB0w6ljbmljYXMgZGUgZXNjZW5vZ3JhZsOtYSBhY8O6c3RpY2EgQWxiZXJ0byBNYXJ0aW4gT3J1w7FhIHkgUm9kcmlnbyBHYWxsZWdvIE1hcmlu,IFBJVEVBIFByb3RIY2NpwTNulGRIIGxhIGluZm9ybWFjw6lvbiBtZWRpYWSOzSBOw6IjbmljYXMgzGugZXNjZWSvz3jhZsOtYSBhY8O6c3RpYZEgQWxizXJObyBNYXJOaW4gT3JlwZFhlHkgUm9kcmInbyBHYWxsZWdvIElhcmlu
183,84.3,IFBJVEVBIFByb3RlY2Npw7NuIGRlIGxhIGluZm9ybWFjw61vbiBtZWRpYW50ZSB0w6ljbmljYXMgZGUgZXNjZW5vZ3JhZsOtYSBhY8O6c3RpY2EgQWxiZXJ0byBNYXJ0aW4gT3J1w7FhIHkgUm9kcmlnbyBHYWxsZWdvIE1hcmlu,IFBJVEVBIFByb3RIY2NpwZNuIGRIIGxhlGluZmgybWFjw6lvbiBtZWRpYWSOZSBOw6IjbmIjYXMgzGugZXNjZWSvz3jhZsOtYSBhY806c3RpYZEgQWxizXlObyBNYXJOaW4gT3JlwZFhIHkgUmgkcmInbyBHYWxszWdvIE1hcmlu
185,85.47,IFBJVEVBIFByb3RlY2Npw7NuIGRlIGxhIGluZm9ybWFjw61vbiBtZWRpYW50ZSB0w6ljbmljYXMgZGUgZXNjZW5vZ3JhZsOtYSBhY8O6c3RpY2EgQWxiZXJ0byBNYXJ0aW4gT3J1w7FhIHkgUm9kcmlnbyBHYWxsZWdvIE1hcmlu,IFBJVEVBIFByb3RIY2NpwZNulGRIIGxhlGluZmgybWFjw6lvbiBtZWRpYWSOZSBOw6IjbmljYXMgzGugZXNjZWSvz3JhzsOtYSBhy806c3RpY2EgQWxiZXJObyBNYXJOaW4gT3J1wZFhIHkgUmgkcmInbyBHYWxszWdvIEIhcmlu
187,85.47,IFBJVEVBIFByb3RlY2Npw7NuIGRlIGxhIGluZm9ybWFjw61vbiBtZWRpYW50ZSB0w6ljbmljYXMgZGUgZXNjZW5vZ3JhZsOtYSBhY8O6c3RpY2EgQWxiZXJ0byBNYXJ0aW4gT3J1w7FhIHkgUm9kcmlnbyBHYWxsZWdvIE1hcmlu,IFBJVEVBIFByb3RIY2NpwTNulGRIIGxhIGIuZmgybWFjw61vbiBtZWRpYWSOzSBOw6ljbmljyXMgZGUgZXNjZWSvZ3JhzsOtYSBhY806c3Rpy2EgQwxiZXjObyBNYXJOaw4gT3J1wZFhlHkgUm9kcmInbyBHYWxszWdvIElhcmlu
189,86.63,IFBJVEVBIFByb3RlY2Npw7NuIGRlIGxhIGluZm9ybWFjw61vbiBtZWRpYW50ZSB0w6ljbmljYXMgZGUgZXNjZW5vZ3JhZsOtYSBhY8O6c3RpY2EgQWxiZXJ0byBNYXJ0aW4gT3J1w7FhIHkgUm9kcmlnbyBHYWxsZWdvIE1hcmlu,IFBJVEVBIFByb3RIY2NpwZNulGRIIGxhIGIuZmgybWFjw61vbiBtZWRpYWSOZSBOw6IjbmljyXMgZGUgZXNjZWSvZ3JhzsOtYSBhY806c3RpY2EgQWxiZXjObyBNYXfOaw4gT3J1wZFhlHkgUm9kcmlnbyBHYWxszWdvIElhcmlu
191,83.72,IFBJVEVBIFByb3RlY2Npw7NuIGRlIGxhIGluZm9ybWFjw61vbiBtZWRpYW50ZSB0w6ljbmljYXMgZGUgZXNjZW5vZ3JhZsOtYSBhY8O6c3RpY2EgQWxiZXJ0byBNYXJ0aW4gT3J1w7FhIHkgUm9kcmlnbyBHYWxsZWdvIE1hcmlu,IFBJVEVBIFByb3RIY2NpwZNulGRIIGxhIGIuZmgybWFjw61vbiBtZWRpYWSOZSBOw6IjbmljyXMgZGUgZXNjZWSvZ3JhzsOtYSBhy8o6c3Rpy2EgQwxizxjobyBNYXfoaw4gT3J1wZFhlHkgUm9kcmlnbyBHYWxszWdvIEIhcmlu
193,84.3,IFBJVEVBIFByb3RlY2Npw7NuIGRlIGxhIGluZm9ybWFjw61vbiBtZWRpYW50ZSB0w6ljbmljYXMgZGUgZXNjZW5vZ3JhZsOtYSBhY8O6c3RpY2EgQWxiZXJ0byBNYXJ0aW4gT3J1w7FhIHkgUm9kcmlnbyBHYWxsZWdvIE1hcmlu,IFBJVEVBIFByb3RIY2NpwZNulGRIIGxhIGIuZmgybWFjw61vbiBtZWRpYWSOzSBOw6IjbmljYXMgZGUgZXNjZwSvZ3JhzsOtYSBhy806c3Rpy2EgQWxiZXJObyBNYXIOaW4gT3JlwzFhIHkgUmgkcmlnbyBHYWXSZWdVIElhcmlu
195,87.79,IFBJVEVBIFByb3RlY2Npw7NuIGRlIGxhIGluZm9ybWFjw61vbiBtZWRpYW50ZSB0w6ljbmljYXMgZGUgZXNjZW5vZ3JhZsOtYSBhY8O6c3RpY2EgQWxiZXJ0byBNYXJ0aW4gT3J1w7FhIHkgUm9kcmlnbyBHYWxsZWdvIE1hcmlu,IFBJVEVBIFByb3RIY2Npw7NulGRIIGxhIGluzm9ybWFjw6lvbiBtZWRpYW50ZSBOw6ljbmljYXMgzGUgZXNjZWSvZ3JhzsOtYSBhY806c3Rpy2EgQWxizXJObyBNYXIOaW4gT3Jlw7FhIHkgUmgkcmInbyBHYWXSZWdvIElhcmlu
197,87.21,IFBJVEVBIFByb3RlY2Npw7NuIGRlIGxhIGluZm9ybWFjw61vbiBtZWRpYW50ZSB0w6ljbmljYXMgZGUgZXNjZW5vZ3JhZsOtYSBhY8O6c3RpY2EgQWxiZXJ0byBNYXJ0aW4gT3J1w7FhIHkgUm9kcmlnbyBHYWxsZWdvIE1hcmlu,IFBJVEVBIFByb3RIY2Npw7NulGRIIGxhIGluZm9ybWFjw6lvbiBtzwRpYW50ZSBOw6ljbmljYXMgzGUgZXNjZWSvZ3JhzsOtYSBhY806c3Rpy2EgQWxizXJObyBNYXIOaW4gT3JlwZFhIHkgUmgkcmlnbyBHYWXSZWdvIElhcmlu
199,88.63,IFBJVEVBIFByb3RlY2Npw7NuIGRlIGxhIGluZm9ybWFjw61vbiBtZWRpYW50ZSB0w6ljbmljYXMgZGUgZXNjZW5vZ3JhZsOtYSBhY8O6c3RpY2EgQWxiZXJ0byBNYXJ0aW4gT3J1w7FhIHkgUm9kcmlnbyBHYWxsZWdvIE1hcmlu,IFBJVEVBIFByb3RIY2Npw7NulGRIIGxhIGluzm9ybWFjw6lvbiBtzWRpYW50ZSBOw6ljbmIjYXMgzGUgZXNjZWSvZ3JhzsOtYSBhY8063RpY2EgQWxiZxJObyBNYXJOaW4gT3J1w7FhIHkgUmgkcmInbyBHYWxszWdvIEIhcmlu
